OldQuestionId,new_question_id,SubjectsNames,CorrectAnswer
898,0,"Maths, Algebra, Writing and Simplifying Expressions, Writing Expressions",2
767,1,"Maths, Number, Basic Arithmetic, Mental Multiplication and Division",3
165,2,"Maths, Number, Factors, Multiples and Primes, Multiples and Lowest Common Multiple",2
490,3,"Maths, Algebra, Co-ordinates, Naming Co-ordinates in 2D",4
298,4,"Maths, Geometry and Measure, Angles, Measuring Angles",3
791,5,"Maths, Number, Indices, Powers and Roots, Squares, Cubes, etc",2
932,6,"Maths, Number, Basic Arithmetic, Mental Multiplication and Division",4
134,7,"Maths, Number, Negative Numbers, Adding and Subtracting Negative Numbers",1
370,8,"Maths, Algebra, Writing and Simplifying Expressions, Simplifying Expressions by Collecting Like Terms",2
840,9,"Maths, Number, Factors, Multiples and Primes, Factors and Highest Common Factor",1
262,10,"Maths, Geometry and Measure, Properties of Quadrilaterals, 2D Names and Properties of Shapes",3
574,11,"Maths, Number, Factors, Multiples and Primes, Multiples and Lowest Common Multiple",2
405,12,"Maths, Number, Negative Numbers, Ordering Negative Numbers",2
78,13,"Maths, Geometry and Measure, Symmetry, Line Symmetry",3
264,14,"Maths, Geometry and Measure, Symmetry, Rotational Symmetry",3
169,15,"Maths, Number, Factors, Multiples and Primes, Multiples and Lowest Common Multiple",4
11,16,"Maths, Number, Negative Numbers, Multiplying and Dividing Negative Numbers",2
646,17,"Maths, Number, Negative Numbers, Adding and Subtracting Negative Numbers",2
654,18,"Maths, Geometry and Measure, Perimeter and Area, Missing Lengths",2
941,19,"Maths, Number, Negative Numbers, Ordering Negative Numbers",4
171,20,"Maths, Geometry and Measure, Angles, Angle Facts with Parallel Lines",3
816,21,"Maths, Number, Factors, Multiples and Primes, Multiples and Lowest Common Multiple",1
781,22,"Maths, Algebra, Writing and Simplifying Expressions, Writing Expressions",4
52,23,"Maths, Number, Factors, Multiples and Primes, Factors and Highest Common Factor, Multiples and Lowest Common Multiple",1
522,24,"Maths, Number, Basic Arithmetic, Mental Multiplication and Division",4
243,25,"Maths, Geometry and Measure, Angles, Angles in Polygons",3
696,26,"Maths, Number, Factors, Multiples and Primes, Multiples and Lowest Common Multiple",1
30,27,"Maths, Algebra, Factorising into a Single Bracket, Factorising",1
312,28,"Maths, Number, Basic Arithmetic, Mental Multiplication and Division",1
768,29,"Maths, Geometry and Measure, Angles, Angle Facts with Parallel Lines",4
659,30,"Maths, Number, Basic Arithmetic, Mental Multiplication and Division",3
461,31,"Maths, Number, Negative Numbers, Adding and Subtracting Negative Numbers",4
404,32,"Maths, Algebra, Inequalities, Solving Linear Inequalities",2
289,33,"Maths, Number, Basic Arithmetic, Place Value",2
802,34,"Maths, Geometry and Measure, Angles, Basic Angle Facts (straight line, opposite, around a point, etc)",3
120,35,"Maths, Algebra, Substitution into Formula, Formula",1
764,36,"Maths, Number, Negative Numbers, Adding and Subtracting Negative Numbers",4
417,37,"Maths, Number, Factors, Multiples and Primes, Prime Numbers and Prime Factors",4
260,38,"Maths, Number, Factors, Multiples and Primes, Factors and Highest Common Factor",3
209,39,"Maths, Number, Negative Numbers, Adding and Subtracting Negative Numbers",2
31,40,"Maths, Number, Negative Numbers, Multiplying and Dividing Negative Numbers",3
825,41,"Maths, Number, Basic Arithmetic, Mental Multiplication and Division",4
207,42,"Maths, Geometry and Measure, Angles, Basic Angle Facts (straight line, opposite, around a point, etc)",3
457,43,"Maths, Number, Negative Numbers, Multiplying and Dividing Negative Numbers",1
583,44,"Maths, Number, BIDMAS, Basic Arithmetic",3
865,45,"Maths, Geometry and Measure, Construction, Loci and Scale Drawing, Construct Triangle",2
790,46,"Maths, Number, Basic Arithmetic, Mental Multiplication and Division",3
464,47,"Maths, Number, Basic Arithmetic, Mental Multiplication and Division",2
433,48,"Maths, Algebra, Linear Equations, Solving Equations",2
221,49,"Maths, Geometry and Measure, Reflection, Transformations",3
372,50,"Maths, Number, Negative Numbers, Adding and Subtracting Negative Numbers",2
160,51,"Maths, Algebra, Writing and Simplifying Expressions, Writing Expressions",3
605,52,"Maths, Number, Negative Numbers, Adding and Subtracting Negative Numbers",2
462,53,"Maths, Geometry and Measure, Angles, Measuring Angles",3
278,54,"Maths, Number, Negative Numbers, Adding and Subtracting Negative Numbers",3
232,55,"Maths, Algebra, Co-ordinates, Naming Co-ordinates in 2D",2
595,56,"Maths, Geometry and Measure, Reflection, Transformations",3
45,57,"Maths, Number, Negative Numbers, Adding and Subtracting Negative Numbers",3
920,58,"Maths, Geometry and Measure, Angles, Angle Facts with Parallel Lines",1
86,59,"Maths, Number, Factors, Multiples and Primes, Multiples and Lowest Common Multiple",2
798,60,"Maths, Geometry and Measure, Units of Measurement, Time",1
190,61,"Maths, Number, Factors, Multiples and Primes, Factors and Highest Common Factor, Multiples and Lowest Common Multiple",2
727,62,"Maths, Geometry and Measure, Angles, Measuring Angles",2
589,63,"Maths, Algebra, Substitution into Formula, Formula",3
101,64,"Maths, Number, Factors, Multiples and Primes, Factors and Highest Common Factor",1
186,65,"Maths, Number, Negative Numbers, Multiplying and Dividing Negative Numbers",2
263,66,"Maths, Number, Negative Numbers, Multiplying and Dividing Negative Numbers",1
311,67,"Maths, Number, Negative Numbers, Adding and Subtracting Negative Numbers",4
923,68,"Maths, Algebra, Writing and Simplifying Expressions, Simplifying Expressions by Collecting Like Terms",1
539,69,"Maths, Number, Basic Arithmetic, Mental Multiplication and Division",2
217,70,"Maths, Algebra, Substitution into Formula, Formula",1
732,71,"Maths, Number, Negative Numbers, Multiplying and Dividing Negative Numbers",3
706,72,"Maths, Number, Basic Arithmetic, Place Value",1
358,73,"Maths, Geometry and Measure, Reflection, Transformations",3
201,74,"Maths, Geometry and Measure, Angles, Angle Facts with Parallel Lines",2
721,75,"Maths, Geometry and Measure, Symmetry, Line Symmetry",2
609,76,"Maths, Geometry and Measure, Properties of Quadrilaterals, 2D Names and Properties of Shapes",1
506,77,"Maths, Number, Basic Arithmetic, Mental Multiplication and Division",2
828,78,"Maths, Number, Indices, Powers and Roots, Squares, Cubes, etc",3
363,79,"Maths, Geometry and Measure, Angles, Angle Facts with Parallel Lines",1
683,80,"Maths, Geometry and Measure, Angles, Basic Angle Facts (straight line, opposite, around a point, etc)",1
615,81,"Maths, Number, Basic Arithmetic, Mental Multiplication and Division",2
248,82,"Maths, Number, Basic Arithmetic, Mental Multiplication and Division",3
297,83,"Maths, Algebra, Writing and Simplifying Expressions, Simplifying Expressions by Collecting Like Terms",3
158,84,"Maths, Number, Negative Numbers, Multiplying and Dividing Negative Numbers",3
823,85,"Maths, Geometry and Measure, Symmetry, Rotational Symmetry",4
881,86,"Maths, Number, BIDMAS, Basic Arithmetic",3
413,87,"Maths, Geometry and Measure, Angles, Angle Facts with Parallel Lines",3
750,88,"Maths, Geometry and Measure, Symmetry, Line Symmetry",2
855,89,"Maths, Geometry and Measure, Types, Naming and Estimating, Angles",3
494,90,"Maths, Number, Basic Arithmetic, Mental Multiplication and Division",3
29,91,"Maths, Number, Negative Numbers, Multiplying and Dividing Negative Numbers",4
255,92,"Maths, Algebra, Substitution into Formula, Formula",2
409,93,"Maths, Algebra, Writing and Simplifying Expressions, Simplifying Expressions by Collecting Like Terms",4
441,94,"Maths, Algebra, Sequences, Linear Sequences (nth term)",4
551,95,"Maths, Algebra, Writing and Simplifying Expressions, Simplifying Expressions by Collecting Like Terms",1
592,96,"Maths, Number, BIDMAS, Basic Arithmetic",3
250,97,"Maths, Number, Negative Numbers, Multiplying and Dividing Negative Numbers",3
731,98,"Maths, Geometry and Measure, Symmetry, Line Symmetry",3
636,99,"Maths, Geometry and Measure, Properties of Quadrilaterals, 2D Names and Properties of Shapes",4
167,100,"Maths, Algebra, Co-ordinates, Naming Co-ordinates in 2D",3
584,101,"Maths, Algebra, Sequences, Linear Sequences (nth term)",4
596,102,"Maths, Number, BIDMAS, Basic Arithmetic",2
492,103,"Maths, Geometry and Measure, Angles, Basic Angle Facts (straight line, opposite, around a point, etc)",4
579,104,"Maths, Algebra, Writing and Simplifying Expressions, Writing Expressions",3
403,105,"Maths, Geometry and Measure, Units of Measurement, Time",3
510,106,"Maths, Geometry and Measure, Perimeter and Area, Compound Area",3
391,107,"Maths, Number, Factors, Multiples and Primes, Factors and Highest Common Factor",4
638,108,"Maths, Number, Negative Numbers, Ordering Negative Numbers",4
684,109,"Maths, Geometry and Measure, Units of Measurement, Time",1
846,110,"Maths, Geometry and Measure, Properties of Quadrilaterals, 2D Names and Properties of Shapes",3
37,111,"Maths, Number, Basic Arithmetic, Written Multiplication",4
268,112,"Maths, Geometry and Measure, Rotation, Transformations",2
379,113,"Maths, Algebra, Writing and Simplifying Expressions, Writing Expressions",1
695,114,"Maths, Geometry and Measure, Angles, Angles in Polygons",1
820,115,"Maths, Geometry and Measure, Symmetry, Line Symmetry",4
896,116,"Maths, Number, Factors, Multiples and Primes, Prime Numbers and Prime Factors",3
238,117,"Maths, Number, Negative Numbers, Adding and Subtracting Negative Numbers",4
673,118,"Maths, Number, Negative Numbers, Ordering Negative Numbers",2
805,119,"Maths, Number, Factors, Multiples and Primes, Multiples and Lowest Common Multiple",2
369,120,"Maths, Number, Factors, Multiples and Primes, Factors and Highest Common Factor",3
93,121,"Maths, Number, Basic Arithmetic, Mental Multiplication and Division",2
88,122,"Maths, Number, Factors, Multiples and Primes, Multiples and Lowest Common Multiple",2
519,123,"Maths, Number, Basic Arithmetic, Mental Multiplication and Division",1
214,124,"Maths, Geometry and Measure, Angles, Basic Angle Facts (straight line, opposite, around a point, etc)",3
154,125,"Maths, Number, Factors, Multiples and Primes, Multiples and Lowest Common Multiple",4
908,126,"Maths, Number, Negative Numbers, Multiplying and Dividing Negative Numbers",4
704,127,"Maths, Geometry and Measure, Symmetry, Rotational Symmetry",2
755,128,"Maths, Number, Negative Numbers, Adding and Subtracting Negative Numbers",4
130,129,"Maths, Geometry and Measure, Translation and Vectors, Transformations",1
701,130,"Maths, Geometry and Measure, Perimeter, Perimeter and Area",3
206,131,"Maths, Algebra, Writing and Simplifying Expressions, Writing Expressions",3
218,132,"Maths, Geometry and Measure, Properties of Quadrilaterals, 2D Names and Properties of Shapes",1
619,133,"Maths, Number, Fractions, Dividing Fractions",1
137,134,"Maths, Algebra, Writing and Simplifying Expressions, Writing Expressions",1
341,135,"Maths, Geometry and Measure, Properties of Quadrilaterals, 2D Names and Properties of Shapes",4
325,136,"Maths, Number, Negative Numbers, Multiplying and Dividing Negative Numbers",4
24,137,"Maths, Number, Negative Numbers, Multiplying and Dividing Negative Numbers",2
319,138,"Maths, Algebra, Writing and Simplifying Expressions, Simplifying Expressions by Collecting Like Terms",2
242,139,"Maths, Number, Negative Numbers, Adding and Subtracting Negative Numbers",3
884,140,"Maths, Geometry and Measure, Area of Simple Shapes, Perimeter and Area",2
246,141,"Maths, Geometry and Measure, Perimeter, Perimeter and Area",4
275,142,"Maths, Geometry and Measure, Properties of Quadrilaterals, 2D Names and Properties of Shapes",2
926,143,"Maths, Number, Negative Numbers, Adding and Subtracting Negative Numbers",3
111,144,"Maths, Number, Negative Numbers, Adding and Subtracting Negative Numbers",2
501,145,"Maths, Geometry and Measure, Angles, Basic Angle Facts (straight line, opposite, around a point, etc)",3
829,146,"Maths, Number, Factors, Multiples and Primes, Factors and Highest Common Factor",4
641,147,"Maths, Algebra, Straight Line Graphs, Horizontal and Vertical Lines",3
647,148,"Maths, Geometry and Measure, Reflection, Translation and Vectors, Transformations",4
581,149,"Maths, Number, Basic Arithmetic, Place Value",3
25,150,"Maths, Number, Basic Arithmetic, Mental Multiplication and Division",2
485,151,"Maths, Number, Indices, Powers and Roots, Squares, Cubes, etc",4
922,152,"Maths, Number, Negative Numbers, Ordering Negative Numbers",4
650,153,"Maths, Number, Negative Numbers, Adding and Subtracting Negative Numbers",4
261,154,"Maths, Geometry and Measure, Units of Measurement, Time",4
295,155,"Maths, Geometry and Measure, Angles, Basic Angle Facts (straight line, opposite, around a point, etc)",2
314,156,"Maths, Number, Negative Numbers, Adding and Subtracting Negative Numbers",1
624,157,"Maths, Number, Basic Arithmetic, Mental Multiplication and Division",2
36,158,"Maths, Geometry and Measure, Area of Simple Shapes, Perimeter and Area",3
344,159,"Maths, Number, Factors, Multiples and Primes, Factors and Highest Common Factor",1
599,160,"Maths, Number, Negative Numbers, Adding and Subtracting Negative Numbers",3
628,161,"Maths, Number, Negative Numbers, Adding and Subtracting Negative Numbers",2
664,162,"Maths, Geometry and Measure, Angles, Angle Facts with Parallel Lines",3
885,163,"Maths, Algebra, Writing and Simplifying Expressions, Writing Expressions",1
133,164,"Maths, Number, Factors, Multiples and Primes, Factors and Highest Common Factor",3
281,165,"Maths, Number, Negative Numbers, Adding and Subtracting Negative Numbers",2
645,166,"Maths, Number, Negative Numbers, Ordering Negative Numbers",2
307,167,"Maths, Geometry and Measure, Types, Naming and Estimating, Angles",1
65,168,"Maths, Number, Factors, Multiples and Primes, Factors and Highest Common Factor",1
334,169,"Maths, Geometry and Measure, Angles, Angles in Polygons",3
803,170,"Maths, Number, Basic Arithmetic, Mental Multiplication and Division",3
772,171,"Maths, Geometry and Measure, Angles, Measuring Angles",3
265,172,"Maths, Geometry and Measure, Angles, Angle Facts with Parallel Lines",4
55,173,"Maths, Number, Basic Arithmetic, Place Value",4
27,174,"Maths, Number, Fractions, Multiplying Fractions",1
63,175,"Maths, Algebra, Co-ordinates, Midpoint Between Two Co-ordinates",4
677,176,"Maths, Number, Negative Numbers, Multiplying and Dividing Negative Numbers",4
604,177,"Maths, Algebra, Co-ordinates, Midpoint Between Two Co-ordinates",3
473,178,"Maths, Number, Basic Arithmetic, Mental Multiplication and Division",4
166,179,"Maths, Number, Fractions, Multiplying Fractions",1
276,180,"Maths, Number, Negative Numbers, Adding and Subtracting Negative Numbers",4
769,181,"Maths, Number, Negative Numbers, Adding and Subtracting Negative Numbers",1
502,182,"Maths, Algebra, Substitution into Formula, Formula",1
620,183,"Maths, Geometry and Measure, Reflection, Transformations",2
751,184,"Maths, Number, Basic Arithmetic, Mental Multiplication and Division",1
216,185,"Maths, Geometry and Measure, Types, Naming and Estimating, Angles",4
439,186,"Maths, Geometry and Measure, Units of Measurement, Time",2
228,187,"Maths, Algebra, Co-ordinates, Midpoint Between Two Co-ordinates",1
389,188,"Maths, Algebra, Writing and Simplifying Expressions, Writing Expressions",3
643,189,"Maths, Geometry and Measure, Area of Simple Shapes, Perimeter and Area",3
514,190,"Maths, Geometry and Measure, Symmetry, Line Symmetry",4
383,191,"Maths, Number, Indices, Powers and Roots, Squares, Cubes, etc",3
12,192,"Maths, Geometry and Measure, Angles, Angles in Triangles",4
907,193,"Maths, Geometry and Measure, Symmetry, Line Symmetry",4
453,194,"Maths, Algebra, Linear Equations, Solving Equations",4
34,195,"Maths, Number, Negative Numbers, Multiplying and Dividing Negative Numbers",1
682,196,"Maths, Geometry and Measure, Symmetry, Rotational Symmetry",3
776,197,"Maths, Algebra, Co-ordinates, Naming Co-ordinates in 2D",1
16,198,"Maths, Number, Factors, Multiples and Primes, Multiples and Lowest Common Multiple",1
350,199,"Maths, Geometry and Measure, Perimeter, Perimeter and Area",3
343,200,"Maths, Geometry and Measure, Angles, Basic Angle Facts (straight line, opposite, around a point, etc)",3
627,201,"Maths, Number, Basic Arithmetic, Mental Multiplication and Division",3
658,202,"Maths, Algebra, Writing and Simplifying Expressions, Simplifying Expressions by Collecting Like Terms",1
777,203,"Maths, Geometry and Measure, Area of Simple Shapes, Perimeter and Area",3
738,204,"Maths, Number, Negative Numbers, Adding and Subtracting Negative Numbers",3
155,205,"Maths, Geometry and Measure, Angles, Angles in Triangles",4
837,206,"Maths, Geometry and Measure, Translation and Vectors, Transformations",3
642,207,"Maths, Algebra, Writing and Simplifying Expressions, Simplifying Expressions by Collecting Like Terms",2
80,208,"Maths, Number, Negative Numbers, Adding and Subtracting Negative Numbers",2
234,209,"Maths, Number, Negative Numbers, Adding and Subtracting Negative Numbers",2
449,210,"Maths, Number, Factors, Multiples and Primes, Prime Numbers and Prime Factors",2
64,211,"Maths, Geometry and Measure, Properties of Quadrilaterals, 2D Names and Properties of Shapes",3
503,212,"Maths, Geometry and Measure, Units of Measurement, Time",4
867,213,"Maths, Number, Negative Numbers, Adding and Subtracting Negative Numbers",1
394,214,"Maths, Geometry and Measure, Angles, Basic Angle Facts (straight line, opposite, around a point, etc)",3
795,215,"Maths, Number, Negative Numbers, Multiplying and Dividing Negative Numbers",2
373,216,"Maths, Number, Basic Arithmetic, Mental Multiplication and Division",2
813,217,"Maths, Number, Negative Numbers, Ordering Negative Numbers",2
602,218,"Maths, Number, Fractions, Dividing Fractions",3
445,219,"Maths, Algebra, Writing and Simplifying Expressions, Simplifying Expressions by Collecting Like Terms",3
371,220,"Maths, Algebra, Writing and Simplifying Expressions, Writing Expressions",1
162,221,"Maths, Algebra, Straight Line Graphs, Horizontal and Vertical Lines",3
669,222,"Maths, Geometry and Measure, Angles, Measuring Angles",4
272,223,"Maths, Geometry and Measure, Area of Simple Shapes, Perimeter and Area",2
112,224,"Maths, Number, Fractions, Multiplying Fractions",3
691,225,"Maths, Geometry and Measure, Units of Measurement, Time",3
809,226,"Maths, Number, Negative Numbers, Adding and Subtracting Negative Numbers",3
283,227,"Maths, Number, BIDMAS, Basic Arithmetic",2
566,228,"Maths, Number, Basic Arithmetic, Place Value",2
376,229,"Maths, Number, Factors, Multiples and Primes, Multiples and Lowest Common Multiple",2
844,230,"Maths, Algebra, Factorising into a Single Bracket, Factorising",2
219,231,"Maths, Number, Negative Numbers, Multiplying and Dividing Negative Numbers",3
187,232,"Maths, Algebra, Linear Equations, Solving Equations",1
143,233,"Maths, Number, Negative Numbers, Adding and Subtracting Negative Numbers",2
616,234,"Maths, Number, Factors, Multiples and Primes, Factors and Highest Common Factor",3
142,235,"Maths, Algebra, Substitution into Formula, Formula",2
856,236,"Maths, Algebra, Writing and Simplifying Expressions, Writing Expressions",3
392,237,"Maths, Algebra, Writing and Simplifying Expressions, Writing Expressions",2
862,238,"Maths, Algebra, Writing and Simplifying Expressions, Simplifying Expressions by Collecting Like Terms",2
882,239,"Maths, Number, Negative Numbers, Multiplying and Dividing Negative Numbers",2
459,240,"Maths, Algebra, Co-ordinates, Naming Co-ordinates in 2D",4
346,241,"Maths, Number, Basic Arithmetic, Mental Multiplication and Division",2
927,242,"Maths, Geometry and Measure, Angles, Angles in Triangles",1
138,243,"Maths, Algebra, Writing and Simplifying Expressions, Simplifying Expressions by Collecting Like Terms",3
361,244,"Maths, Number, Negative Numbers, Adding and Subtracting Negative Numbers",4
496,245,"Maths, Algebra, Inequalities, Solving Linear Inequalities",2
182,246,"Maths, Geometry and Measure, Units of Measurement, Time",3
195,247,"Maths, Number, Negative Numbers, Multiplying and Dividing Negative Numbers",4
894,248,"Maths, Geometry and Measure, Perimeter and Area, Missing Lengths",2
337,249,"Maths, Number, Negative Numbers, Adding and Subtracting Negative Numbers",1
788,250,"Maths, Number, Negative Numbers, Adding and Subtracting Negative Numbers",3
546,251,"Maths, Number, Basic Arithmetic, Place Value",3
527,252,"Maths, Number, Negative Numbers, Adding and Subtracting Negative Numbers",2
47,253,"Maths, Geometry and Measure, Angles, Basic Angle Facts (straight line, opposite, around a point, etc)",1
741,254,"Maths, Geometry and Measure, Translation and Vectors, Transformations",2
14,255,"Maths, Geometry and Measure, Construction, Loci and Scale Drawing, Construct Triangle",1
468,256,"Maths, Algebra, Co-ordinates, Naming Co-ordinates in 2D",1
83,257,"Maths, Geometry and Measure, Angles, Measuring Angles",2
833,258,"Maths, Number, Negative Numbers, Adding and Subtracting Negative Numbers",2
667,259,"Maths, Geometry and Measure, Properties of Quadrilaterals, 2D Names and Properties of Shapes",1
176,260,"Maths, Geometry and Measure, Translation and Vectors, Transformations",2
286,261,"Maths, Geometry and Measure, Reflection, Transformations",4
147,262,"Maths, Number, Indices, Powers and Roots, Squares, Cubes, etc",2
826,263,"Maths, Number, Factors, Multiples and Primes, Multiples and Lowest Common Multiple",3
70,264,"Maths, Geometry and Measure, Rotation, Transformations",2
526,265,"Maths, Geometry and Measure, Translation and Vectors, Transformations",1
911,266,"Maths, Number, Negative Numbers, Ordering Negative Numbers",2
67,267,"Maths, Geometry and Measure, Rotation, Transformations",1
668,268,"Maths, Geometry and Measure, Types, Naming and Estimating, Angles",3
742,269,"Maths, Number, Factors, Multiples and Primes, Multiples and Lowest Common Multiple",3
185,270,"Maths, Number, Negative Numbers, Ordering Negative Numbers",4
870,271,"Maths, Geometry and Measure, Circles, Parts of a Circle",3
644,272,"Maths, Number, Basic Arithmetic, Mental Multiplication and Division",2
600,273,"Maths, Geometry and Measure, Properties of Quadrilaterals, 2D Names and Properties of Shapes",4
878,274,"Maths, Geometry and Measure, Construction, Loci and Scale Drawing, Construct Triangle",4
279,275,"Maths, Algebra, Linear Equations, Solving Equations",3
938,276,"Maths, Number, Negative Numbers, Adding and Subtracting Negative Numbers",4
714,277,"Maths, Number, Factors, Multiples and Primes, Factors and Highest Common Factor",1
38,278,"Maths, Algebra, Inequalities, Solving Linear Inequalities",4
368,279,"Maths, Number, BIDMAS, Basic Arithmetic",1
559,280,"Maths, Number, Negative Numbers, Multiplying and Dividing Negative Numbers",1
54,281,"Maths, Algebra, Linear Equations, Solving Equations",4
463,282,"Maths, Number, Negative Numbers, Adding and Subtracting Negative Numbers",1
513,283,"Maths, Number, Basic Arithmetic, Mental Multiplication and Division",2
484,284,"Maths, Geometry and Measure, Angles, Basic Angle Facts (straight line, opposite, around a point, etc)",3
335,285,"Maths, Algebra, Writing and Simplifying Expressions, Simplifying Expressions by Collecting Like Terms",4
687,286,"Maths, Geometry and Measure, Circles, Parts of a Circle",4
72,287,"Maths, Number, Basic Arithmetic, Place Value",1
819,288,"Maths, Number, BIDMAS, Basic Arithmetic",1
934,289,"Maths, Algebra, Factorising into a Single Bracket, Factorising",1
251,290,"Maths, Geometry and Measure, Angles, Angles in Polygons",4
451,291,"Maths, Number, Factors, Multiples and Primes, Factors and Highest Common Factor",4
725,292,"Maths, Algebra, Straight Line Graphs, Horizontal and Vertical Lines",3
712,293,"Maths, Geometry and Measure, Area of Simple Shapes, Perimeter and Area",2
215,294,"Maths, Geometry and Measure, Area of Simple Shapes, Perimeter and Area",2
39,295,"Maths, Geometry and Measure, Angles, Angle Facts with Parallel Lines",2
123,296,"Maths, Algebra, Substitution into Formula, Formula",2
435,297,"Maths, Number, Factors, Multiples and Primes, Prime Numbers and Prime Factors",3
486,298,"Maths, Number, Factors, Multiples and Primes, Multiples and Lowest Common Multiple",3
761,299,"Maths, Geometry and Measure, Angles, Basic Angle Facts (straight line, opposite, around a point, etc)",2
284,300,"Maths, Number, Factors, Multiples and Primes, Prime Numbers and Prime Factors",2
685,301,"Maths, Geometry and Measure, Units of Measurement, Time",1
386,302,"Maths, Geometry and Measure, Area of Simple Shapes, Perimeter and Area",2
634,303,"Maths, Number, Factors, Multiples and Primes, Factors and Highest Common Factor",3
247,304,"Maths, Geometry and Measure, Translation and Vectors, Transformations",4
355,305,"Maths, Geometry and Measure, Translation and Vectors, Transformations",3
537,306,"Maths, Geometry and Measure, Area of Simple Shapes, Perimeter and Area",1
75,307,"Maths, Number, Factors, Multiples and Primes, Factors and Highest Common Factor",1
469,308,"Maths, Number, Factors, Multiples and Primes, Factors and Highest Common Factor",1
308,309,"Maths, Geometry and Measure, Reflection, Translation and Vectors, Transformations",3
446,310,"Maths, Number, BIDMAS, Basic Arithmetic",3
292,311,"Maths, Number, Basic Arithmetic, Mental Multiplication and Division",3
472,312,"Maths, Number, Basic Arithmetic, Mental Multiplication and Division",4
639,313,"Maths, Number, Negative Numbers, Adding and Subtracting Negative Numbers",1
8,314,"Maths, Number, Factors, Multiples and Primes, Factors and Highest Common Factor",1
310,315,"Maths, Number, Negative Numbers, Multiplying and Dividing Negative Numbers",3
412,316,"Maths, Geometry and Measure, Angles, Angles in Triangles",2
177,317,"Maths, Number, Negative Numbers, Multiplying and Dividing Negative Numbers",2
547,318,"Maths, Number, Negative Numbers, Adding and Subtracting Negative Numbers",4
359,319,"Maths, Algebra, Co-ordinates, Naming Co-ordinates in 2D",3
822,320,"Maths, Geometry and Measure, Rotation, Transformations",3
507,321,"Maths, Geometry and Measure, Angles, Measuring Angles",3
530,322,"Maths, Geometry and Measure, Angles, Angles in Triangles",1
129,323,"Maths, Number, Factors, Multiples and Primes, Prime Numbers and Prime Factors",3
528,324,"Maths, Geometry and Measure, Angles, Basic Angle Facts (straight line, opposite, around a point, etc)",1
891,325,"Maths, Algebra, Co-ordinates, Naming Co-ordinates in 2D",4
288,326,"Maths, Geometry and Measure, Perimeter and Area, Compound Area",3
293,327,"Maths, Number, BIDMAS, Basic Arithmetic",2
110,328,"Maths, Algebra, Co-ordinates, Naming Co-ordinates in 2D",1
226,329,"Maths, Number, Basic Arithmetic, Place Value",1
19,330,"Maths, Number, BIDMAS, Basic Arithmetic",3
921,331,"Maths, Number, Factors, Multiples and Primes, Factors and Highest Common Factor",2
631,332,"Maths, Geometry and Measure, Area of Simple Shapes, Perimeter and Area",2
342,333,"Maths, Number, Factors, Multiples and Primes, Factors and Highest Common Factor",1
352,334,"Maths, Number, Fractions, Equivalent Fractions",3
122,335,"Maths, Algebra, Substitution into Formula, Formula",2
326,336,"Maths, Number, Basic Arithmetic, Place Value",3
460,337,"Maths, Number, Negative Numbers, Adding and Subtracting Negative Numbers",2
542,338,"Maths, Geometry and Measure, Area of Simple Shapes, Perimeter and Area",3
665,339,"Maths, Number, Factors, Multiples and Primes, Multiples and Lowest Common Multiple",4
679,340,"Maths, Geometry and Measure, Units of Measurement, Time",3
913,341,"Maths, Geometry and Measure, Symmetry, Line Symmetry",1
838,342,"Maths, Geometry and Measure, Angles, Basic Angle Facts (straight line, opposite, around a point, etc)",1
367,343,"Maths, Number, Factors, Multiples and Primes, Prime Numbers and Prime Factors",1
317,344,"Maths, Geometry and Measure, Construction, Loci and Scale Drawing, Construct Triangle",3
676,345,"Maths, Number, Negative Numbers, Adding and Subtracting Negative Numbers",1
456,346,"Maths, Algebra, Co-ordinates, Midpoint Between Two Co-ordinates",1
351,347,"Maths, Geometry and Measure, Properties of Quadrilaterals, 2D Names and Properties of Shapes",2
422,348,"Maths, Number, Factors, Multiples and Primes, Factors and Highest Common Factor",2
814,349,"Maths, Geometry and Measure, Circles, Parts of a Circle",4
84,350,"Maths, Geometry and Measure, Angles, Angle Facts with Parallel Lines",1
577,351,"Maths, Geometry and Measure, Angles, Angles in Triangles",3
734,352,"Maths, Geometry and Measure, Construction, Loci and Scale Drawing, Construct Triangle",4
398,353,"Maths, Algebra, Co-ordinates, Gradient Between Two Co-ordinates",3
746,354,"Maths, Geometry and Measure, Perimeter and Area, Compound Area",3
97,355,"Maths, Algebra, Writing and Simplifying Expressions, Writing Expressions",1
945,356,"Maths, Number, Negative Numbers, Multiplying and Dividing Negative Numbers",1
571,357,"Maths, Geometry and Measure, Angles, Angles in Polygons",1
305,358,"Maths, Geometry and Measure, Perimeter, Perimeter and Area",2
675,359,"Maths, Number, Factors, Multiples and Primes, Prime Numbers and Prime Factors",2
736,360,"Maths, Number, Negative Numbers, Adding and Subtracting Negative Numbers",4
536,361,"Maths, Geometry and Measure, Properties of Quadrilaterals, 2D Names and Properties of Shapes",3
266,362,"Maths, Number, Fractions, Adding and Subtracting Fractions",1
3,363,"Maths, Number, Negative Numbers, Adding and Subtracting Negative Numbers",2
800,364,"Maths, Number, Negative Numbers, Multiplying and Dividing Negative Numbers",1
745,365,"Maths, Number, BIDMAS, Basic Arithmetic",2
534,366,"Maths, Algebra, Co-ordinates, Naming Co-ordinates in 2D",3
437,367,"Maths, Algebra, Co-ordinates, Naming Co-ordinates in 2D",3
874,368,"Maths, Geometry and Measure, Length Scale Factors in Similar Shapes, Similarity and Congruency",1
71,369,"Maths, Number, Negative Numbers, Multiplying and Dividing Negative Numbers",3
118,370,"Maths, Algebra, Inequalities, Solving Linear Inequalities",4
529,371,"Maths, Number, Negative Numbers, Adding and Subtracting Negative Numbers",1
421,372,"Maths, Algebra, Writing and Simplifying Expressions, Simplifying Expressions by Collecting Like Terms",4
500,373,"Maths, Number, Negative Numbers, Adding and Subtracting Negative Numbers",4
834,374,"Maths, Algebra, Substitution into Formula, Formula",2
783,375,"Maths, Number, Factors, Multiples and Primes, Prime Numbers and Prime Factors",3
332,376,"Maths, Number, Negative Numbers, Ordering Negative Numbers",2
4,377,"Maths, Geometry and Measure, Properties of Quadrilaterals, 2D Names and Properties of Shapes",3
748,378,"Maths, Algebra, Co-ordinates, Naming Co-ordinates in 2D",1
497,379,"Maths, Geometry and Measure, Angles, Angle Facts with Parallel Lines",1
199,380,"Maths, Number, Negative Numbers, Adding and Subtracting Negative Numbers",1
0,381,"Maths, Number, Indices, Powers and Roots, Squares, Cubes, etc",1
759,382,"Maths, Number, Fractions, Ordering Fractions",1
629,383,"Maths, Number, Basic Arithmetic, Mental Multiplication and Division",3
202,384,"Maths, Geometry and Measure, Units of Measurement, Time",1
196,385,"Maths, Algebra, Inequalities, Solving Linear Inequalities",1
2,386,"Maths, Number, BIDMAS, Negative Numbers, Basic Arithmetic, Multiplying and Dividing Negative Numbers",2
414,387,"Maths, Algebra, Co-ordinates, Naming Co-ordinates in 2D",1
20,388,"Maths, Geometry and Measure, Symmetry, Line Symmetry",3
256,389,"Maths, Geometry and Measure, Construction, Loci and Scale Drawing, Construct Triangle",4
493,390,"Maths, Number, Negative Numbers, Multiplying and Dividing Negative Numbers",1
565,391,"Maths, Algebra, Co-ordinates, Gradient Between Two Co-ordinates",2
903,392,"Maths, Geometry and Measure, Angles, Angles in Polygons",2
498,393,"Maths, Algebra, Co-ordinates, Midpoint Between Two Co-ordinates",1
758,394,"Maths, Number, Indices, Powers and Roots, Squares, Cubes, etc",1
79,395,"Maths, Number, Negative Numbers, Adding and Subtracting Negative Numbers",1
76,396,"Maths, Algebra, Substitution into Formula, Formula",2
252,397,"Maths, Number, Negative Numbers, Ordering Negative Numbers",3
184,398,"Maths, Algebra, Substitution into Formula, Formula",1
434,399,"Maths, Geometry and Measure, Angles, Angles in Polygons",3
623,400,"Maths, Number, Negative Numbers, Adding and Subtracting Negative Numbers",3
480,401,"Maths, Number, Basic Arithmetic, Mental Multiplication and Division",1
753,402,"Maths, Number, Factors, Multiples and Primes, Multiples and Lowest Common Multiple",3
230,403,"Maths, Algebra, Inequalities, Solving Linear Inequalities",1
233,404,"Maths, Number, BIDMAS, Basic Arithmetic",3
625,405,"Maths, Geometry and Measure, Angles, Measuring Angles",1
690,406,"Maths, Geometry and Measure, Symmetry, Line Symmetry",1
387,407,"Maths, Geometry and Measure, Reflection, Transformations",2
505,408,"Maths, Number, Factors, Multiples and Primes, Factors and Highest Common Factor, Multiples and Lowest Common Multiple",3
145,409,"Maths, Number, Negative Numbers, Multiplying and Dividing Negative Numbers",1
593,410,"Maths, Number, Decimals, Multiplying and Dividing with Decimals",3
488,411,"Maths, Geometry and Measure, Angles, Angles in Polygons",3
835,412,"Maths, Algebra, Writing and Simplifying Expressions, Writing Expressions",3
686,413,"Maths, Algebra, Substitution into Formula, Formula",2
523,414,"Maths, Algebra, Factorising into a Single Bracket, Factorising",1
560,415,"Maths, Geometry and Measure, Angles, Angles in Polygons",3
146,416,"Maths, Geometry and Measure, Construction, Loci and Scale Drawing, Construct Triangle",4
890,417,"Maths, Number, Factors, Multiples and Primes, Multiples and Lowest Common Multiple",2
161,418,"Maths, Number, Negative Numbers, Multiplying and Dividing Negative Numbers",1
817,419,"Maths, Number, Fractions, Dividing Fractions",2
306,420,"Maths, Algebra, Co-ordinates, Naming Co-ordinates in 2D",3
104,421,"Maths, Number, Factors, Multiples and Primes, Factors and Highest Common Factor",3
707,422,"Maths, Number, Negative Numbers, Multiplying and Dividing Negative Numbers",2
365,423,"Maths, Geometry and Measure, Types, Naming and Estimating, Angles",1
172,424,"Maths, Geometry and Measure, Area of Simple Shapes, Perimeter and Area",2
302,425,"Maths, Algebra, Straight Line Graphs, Horizontal and Vertical Lines",3
550,426,"Maths, Algebra, Factorising into a Single Bracket, Factorising",2
420,427,"Maths, Geometry and Measure, Units of Measurement, Time",2
711,428,"Maths, Geometry and Measure, Angles, Angles in Polygons",1
572,429,"Maths, Algebra, Writing and Simplifying Expressions, Writing Expressions",4
362,430,"Maths, Geometry and Measure, Symmetry, Line Symmetry",2
576,431,"Maths, Geometry and Measure, Translation and Vectors, Transformations",3
737,432,"Maths, Geometry and Measure, Construction, Loci and Scale Drawing, Construct Triangle",3
438,433,"Maths, Number, BIDMAS, Basic Arithmetic",1
95,434,"Maths, Geometry and Measure, Construction, Loci and Scale Drawing, Construct Triangle",3
267,435,"Maths, Algebra, Co-ordinates, Midpoint Between Two Co-ordinates",1
105,436,"Maths, Geometry and Measure, Angles, Angles in Triangles",1
170,437,"Maths, Algebra, Writing and Simplifying Expressions, Writing Expressions",1
360,438,"Maths, Number, Negative Numbers, Adding and Subtracting Negative Numbers",1
912,439,"Maths, Number, BIDMAS, Basic Arithmetic",1
103,440,"Maths, Number, Negative Numbers, Multiplying and Dividing Negative Numbers",4
657,441,"Maths, Geometry and Measure, Properties of Quadrilaterals, 2D Names and Properties of Shapes",3
236,442,"Maths, Geometry and Measure, Properties of Quadrilaterals, 2D Names and Properties of Shapes",2
178,443,"Maths, Number, Negative Numbers, Adding and Subtracting Negative Numbers",4
729,444,"Maths, Geometry and Measure, Angles, Angle Facts with Parallel Lines",4
591,445,"Maths, Geometry and Measure, Translation and Vectors, Transformations",3
62,446,"Maths, Geometry and Measure, Rotation, Transformations",1
735,447,"Maths, Number, Basic Arithmetic, Mental Multiplication and Division",3
553,448,"Maths, Algebra, Sequences, Linear Sequences (nth term)",1
467,449,"Maths, Geometry and Measure, Circles, Parts of a Circle",3
637,450,"Maths, Number, Negative Numbers, Adding and Subtracting Negative Numbers",2
573,451,"Maths, Geometry and Measure, Perimeter and Area, Compound Area",1
92,452,"Maths, Number, Basic Arithmetic, Mental Multiplication and Division",1
26,453,"Maths, Geometry and Measure, Units of Measurement, Time",3
858,454,"Maths, Algebra, Factorising into a Single Bracket, Factorising",3
22,455,"Maths, Number, Indices, Powers and Roots, Squares, Cubes, etc",3
799,456,"Maths, Number, Fractions, Multiplying Fractions",4
410,457,"Maths, Number, Basic Arithmetic, Mental Multiplication and Division",3
554,458,"Maths, Number, Factors, Multiples and Primes, Prime Numbers and Prime Factors",2
487,459,"Maths, Geometry and Measure, Construction, Loci and Scale Drawing, Construct Angle and Line Bisectors",2
655,460,"Maths, Number, Negative Numbers, Multiplying and Dividing Negative Numbers",3
672,461,"Maths, Geometry and Measure, Construction, Loci and Scale Drawing, Construct Angle",1
868,462,"Maths, Algebra, Substitution into Formula, Formula",3
348,463,"Maths, Geometry and Measure, Area of Simple Shapes, Perimeter and Area",2
49,464,"Maths, Geometry and Measure, Angles, Angle Facts with Parallel Lines",2
674,465,"Maths, Number, Basic Arithmetic, Place Value",2
786,466,"Maths, Number, Negative Numbers, Ordering Negative Numbers",3
48,467,"Maths, Geometry and Measure, Reflection, Transformations",3
474,468,"Maths, Number, BIDMAS, Basic Arithmetic",1
321,469,"Maths, Geometry and Measure, Angles, Basic Angle Facts (straight line, opposite, around a point, etc)",2
431,470,"Maths, Geometry and Measure, Area of Simple Shapes, Perimeter and Area",1
656,471,"Maths, Number, BIDMAS, Basic Arithmetic",1
210,472,"Maths, Algebra, Substitution into Formula, Formula",1
811,473,"Maths, Number, BIDMAS, Basic Arithmetic",2
53,474,"Maths, Number, Basic Arithmetic, Mental Multiplication and Division",3
475,475,"Maths, Number, Basic Arithmetic, Mental Multiplication and Division",1
943,476,"Maths, Number, BIDMAS, Basic Arithmetic",4
354,477,"Maths, Algebra, Straight Line Graphs, Horizontal and Vertical Lines",4
661,478,"Maths, Geometry and Measure, Angles, Angles in Triangles",2
567,479,"Maths, Geometry and Measure, Angles, Measuring Angles",1
423,480,"Maths, Number, Negative Numbers, Multiplying and Dividing Negative Numbers",4
635,481,"Maths, Number, Negative Numbers, Ordering Negative Numbers",4
914,482,"Maths, Geometry and Measure, Angles, Angle Facts with Parallel Lines",3
849,483,"Maths, Number, BIDMAS, Negative Numbers, Basic Arithmetic, Multiplying and Dividing Negative Numbers",4
82,484,"Maths, Algebra, Writing and Simplifying Expressions, Simplifying Expressions by Collecting Like Terms",4
652,485,"Maths, Number, Negative Numbers, Adding and Subtracting Negative Numbers",1
168,486,"Maths, Number, Factors, Multiples and Primes, Prime Numbers and Prime Factors",4
46,487,"Maths, Number, Negative Numbers, Multiplying and Dividing Negative Numbers",1
710,488,"Maths, Geometry and Measure, Angles, Basic Angle Facts (straight line, opposite, around a point, etc)",4
935,489,"Maths, Geometry and Measure, Angles, Angles in Polygons",1
235,490,"Maths, Algebra, Co-ordinates, Midpoint Between Two Co-ordinates",3
873,491,"Maths, Geometry and Measure, Types, Naming and Estimating, Angles",2
511,492,"Maths, Number, Basic Arithmetic, Place Value",3
159,493,"Maths, Algebra, Substitution into Formula, Formula",2
879,494,"Maths, Geometry and Measure, Angles, Angles in Polygons",3
119,495,"Maths, Algebra, Substitution into Formula, Formula",2
612,496,"Maths, Geometry and Measure, Symmetry, Rotational Symmetry",4
183,497,"Maths, Number, Negative Numbers, Adding and Subtracting Negative Numbers",3
929,498,"Maths, Number, Fractions, Multiplying Fractions",2
491,499,"Maths, Number, Basic Arithmetic, Place Value",1
415,500,"Maths, Geometry and Measure, Perimeter, Perimeter and Area",2
525,501,"Maths, Number, BIDMAS, Basic Arithmetic",4
349,502,"Maths, Geometry and Measure, Angles, Basic Angle Facts (straight line, opposite, around a point, etc)",2
353,503,"Maths, Geometry and Measure, Translation and Vectors, Transformations",4
285,504,"Maths, Number, Basic Arithmetic, Mental Multiplication and Division",2
465,505,"Maths, Algebra, Inequalities, Solving Linear Inequalities",2
871,506,"Maths, Algebra, Co-ordinates, Midpoint Between Two Co-ordinates",2
877,507,"Maths, Algebra, Straight Line Graphs, Horizontal and Vertical Lines",1
771,508,"Maths, Number, Fractions, Dividing Fractions",3
830,509,"Maths, Number, Basic Arithmetic, Mental Multiplication and Division",4
164,510,"Maths, Number, Fractions, Adding and Subtracting Fractions",2
709,511,"Maths, Algebra, Substitution into Formula, Formula",1
533,512,"Maths, Algebra, Writing and Simplifying Expressions, Writing Expressions",3
396,513,"Maths, Algebra, Co-ordinates, Naming Co-ordinates in 2D",1
406,514,"Maths, Geometry and Measure, Angles, Basic Angle Facts (straight line, opposite, around a point, etc)",1
328,515,"Maths, Algebra, Writing and Simplifying Expressions, Writing Expressions",1
50,516,"Maths, Number, Negative Numbers, Ordering Negative Numbers",2
471,517,"Maths, Number, Fractions, Dividing Fractions",1
338,518,"Maths, Number, Basic Arithmetic, Mental Multiplication and Division",3
436,519,"Maths, Number, Negative Numbers, Multiplying and Dividing Negative Numbers",2
517,520,"Maths, Number, Negative Numbers, Adding and Subtracting Negative Numbers",3
304,521,"Maths, Number, Factors, Multiples and Primes, Multiples and Lowest Common Multiple",1
801,522,"Maths, Algebra, Co-ordinates, Naming Co-ordinates in 2D",1
212,523,"Maths, Number, Basic Arithmetic, Mental Multiplication and Division",4
587,524,"Maths, Number, BIDMAS, Basic Arithmetic",1
290,525,"Maths, Number, BIDMAS, Basic Arithmetic",2
300,526,"Maths, Geometry and Measure, Units of Measurement, Time",4
448,527,"Maths, Number, BIDMAS, Basic Arithmetic",2
388,528,"Maths, Geometry and Measure, Reflection, Transformations",3
852,529,"Maths, Number, Negative Numbers, Multiplying and Dividing Negative Numbers",2
197,530,"Maths, Number, Basic Arithmetic, Mental Multiplication and Division",3
872,531,"Maths, Algebra, Co-ordinates, Naming Co-ordinates in 2D",4
66,532,"Maths, Geometry and Measure, Angles, Angles in Polygons",1
174,533,"Maths, Algebra, Co-ordinates, Naming Co-ordinates in 2D",3
653,534,"Maths, Number, Basic Arithmetic, Mental Multiplication and Division",4
148,535,"Maths, Algebra, Substitution into Formula, Formula",2
689,536,"Maths, Geometry and Measure, Angles, Angle Facts with Parallel Lines",3
933,537,"Maths, Geometry and Measure, Circles, Parts of a Circle",2
836,538,"Maths, Algebra, Writing and Simplifying Expressions, Writing Expressions",4
44,539,"Maths, Geometry and Measure, Angles, Basic Angle Facts (straight line, opposite, around a point, etc)",4
895,540,"Maths, Number, Fractions, Dividing Fractions",1
876,541,"Maths, Number, Fractions, Multiplying Fractions",1
32,542,"Maths, Number, Fractions, Dividing Fractions",1
18,543,"Maths, Number, Negative Numbers, Multiplying and Dividing Negative Numbers",1
564,544,"Maths, Algebra, Inequalities, Solving Linear Inequalities",2
569,545,"Maths, Geometry and Measure, Length Scale Factors in Similar Shapes, Similarity and Congruency",1
274,546,"Maths, Geometry and Measure, Angles, Angle Facts with Parallel Lines",2
411,547,"Maths, Geometry and Measure, Translation and Vectors, Transformations",3
640,548,"Maths, Number, Basic Arithmetic, Mental Multiplication and Division",1
818,549,"Maths, Algebra, Co-ordinates, Naming Co-ordinates in 2D",2
51,550,"Maths, Algebra, Sequences, Linear Sequences (nth term)",2
762,551,"Maths, Algebra, Co-ordinates, Naming Co-ordinates in 2D",3
794,552,"Maths, Algebra, Writing and Simplifying Expressions, Writing Expressions",1
916,553,"Maths, Algebra, Sequences, Linear Sequences (nth term)",1
678,554,"Maths, Number, Negative Numbers, Adding and Subtracting Negative Numbers",4
520,555,"Maths, Geometry and Measure, Angles, Basic Angle Facts (straight line, opposite, around a point, etc)",2
495,556,"Maths, Number, Negative Numbers, Multiplying and Dividing Negative Numbers",3
291,557,"Maths, Algebra, Factorising into a Single Bracket, Factorising",3
222,558,"Maths, Geometry and Measure, Units of Measurement, Time",4
617,559,"Maths, Number, Basic Arithmetic, Mental Multiplication and Division",2
402,560,"Maths, Number, Negative Numbers, Adding and Subtracting Negative Numbers",3
385,561,"Maths, Algebra, Writing and Simplifying Expressions, Writing Expressions",4
804,562,"Maths, Number, Basic Arithmetic, Mental Multiplication and Division",1
303,563,"Maths, Number, Factors, Multiples and Primes, Multiples and Lowest Common Multiple",1
57,564,"Maths, Number, Decimals, Multiplying and Dividing with Decimals",2
364,565,"Maths, Geometry and Measure, Properties of Quadrilaterals, 2D Names and Properties of Shapes",2
157,566,"Maths, Number, Factors, Multiples and Primes, Factors and Highest Common Factor",3
549,567,"Maths, Geometry and Measure, Similarity and Congruency, Length, Area and Volume Scale Factors",3
59,568,"Maths, Number, Factors, Multiples and Primes, Multiples and Lowest Common Multiple",2
611,569,"Maths, Algebra, Writing and Simplifying Expressions, Writing Expressions",2
889,570,"Maths, Number, Basic Arithmetic, Mental Multiplication and Division",1
754,571,"Maths, Number, Negative Numbers, Adding and Subtracting Negative Numbers",3
815,572,"Maths, Geometry and Measure, Angles, Measuring Angles",1
719,573,"Maths, Number, Fractions, Decimals and Percentage Equivalence, Converting between Fractions and Decimals",2
947,574,"Maths, Geometry and Measure, Translation and Vectors, Transformations",2
339,575,"Maths, Geometry and Measure, Angles, Angles in Polygons",4
424,576,"Maths, Geometry and Measure, Circles, Parts of a Circle",4
831,577,"Maths, Number, Negative Numbers, Adding and Subtracting Negative Numbers",2
601,578,"Maths, Number, Basic Arithmetic, Mental Multiplication and Division",1
626,579,"Maths, Number, Factors, Multiples and Primes, Multiples and Lowest Common Multiple",2
787,580,"Maths, Number, Basic Arithmetic, Mental Multiplication and Division",4
90,581,"Maths, Algebra, Substitution into Formula, Formula",1
552,582,"Maths, Geometry and Measure, Translation and Vectors, Transformations",2
766,583,"Maths, Geometry and Measure, Angles, Angles in Triangles",2
156,584,"Maths, Geometry and Measure, Area of Simple Shapes, Perimeter and Area",3
277,585,"Maths, Geometry and Measure, Symmetry, Rotational Symmetry",3
416,586,"Maths, Algebra, Substitution into Formula, Formula",3
309,587,"Maths, Number, Fractions, Equivalent Fractions",3
237,588,"Maths, Algebra, Co-ordinates, Naming Co-ordinates in 2D",3
259,589,"Maths, Number, Basic Arithmetic, Mental Multiplication and Division",3
213,590,"Maths, Number, Factors, Multiples and Primes, Factors and Highest Common Factor",2
211,591,"Maths, Number, Factors, Multiples and Primes, Factors and Highest Common Factor",4
327,592,"Maths, Number, Basic Arithmetic, Mental Multiplication and Division",4
808,593,"Maths, Algebra, Writing and Simplifying Expressions, Writing Expressions",1
231,594,"Maths, Geometry and Measure, Angles, Angle Facts with Parallel Lines",3
375,595,"Maths, Geometry and Measure, Perimeter, Perimeter and Area",3
193,596,"Maths, Algebra, Factorising into a Single Bracket, Factorising",3
901,597,"Maths, Geometry and Measure, Angles, Basic Angle Facts (straight line, opposite, around a point, etc)",1
614,598,"Maths, Number, BIDMAS, Basic Arithmetic",1
570,599,"Maths, Algebra, Sequences, Linear Sequences (nth term)",1
400,600,"Maths, Number, Fractions, Multiplying Fractions",4
887,601,"Maths, Number, BIDMAS, Basic Arithmetic",3
135,602,"Maths, Geometry and Measure, Area of Simple Shapes, Perimeter and Area",1
40,603,"Maths, Number, BIDMAS, Basic Arithmetic",1
845,604,"Maths, Geometry and Measure, Translation and Vectors, Transformations",1
85,605,"Maths, Geometry and Measure, Properties of Quadrilaterals, 2D Names and Properties of Shapes",4
125,606,"Maths, Geometry and Measure, Perimeter, Perimeter and Area",1
585,607,"Maths, Number, Negative Numbers, Multiplying and Dividing Negative Numbers",3
610,608,"Maths, Algebra, Writing and Simplifying Expressions, Writing Expressions",2
697,609,"Maths, Geometry and Measure, Reflection, Transformations",2
203,610,"Maths, Geometry and Measure, Perimeter and Area, Compound Area",1
249,611,"Maths, Algebra, Writing and Simplifying Expressions, Simplifying Expressions by Collecting Like Terms",3
509,612,"Maths, Number, Indices, Powers and Roots, Squares, Cubes, etc",2
106,613,"Maths, Geometry and Measure, Angles, Angle Facts with Parallel Lines",3
785,614,"Maths, Number, Factors, Multiples and Primes, Factors and Highest Common Factor",2
880,615,"Maths, Number, Basic Arithmetic, Place Value",2
700,616,"Maths, Geometry and Measure, Symmetry, Line Symmetry",3
6,617,"Maths, Number, Basic Arithmetic, Mental Multiplication and Division",2
13,618,"Maths, Geometry and Measure, Area of Simple Shapes, Perimeter and Area",1
116,619,"Maths, Geometry and Measure, Angles, Angle Facts with Parallel Lines",2
483,620,"Maths, Geometry and Measure, Construction, Loci and Scale Drawing, Construct Triangle",3
56,621,"Maths, Geometry and Measure, Angles, Angle Facts with Parallel Lines",3
919,622,"Maths, Geometry and Measure, Reflection, Transformations",4
733,623,"Maths, Number, Fractions, Fractions of an Amount",3
91,624,"Maths, Algebra, Writing and Simplifying Expressions, Simplifying Expressions by Collecting Like Terms",4
824,625,"Maths, Geometry and Measure, Angles, Basic Angle Facts (straight line, opposite, around a point, etc)",4
440,626,"Maths, Geometry and Measure, Construction, Loci and Scale Drawing, Construct Angle",2
859,627,"Maths, Algebra, Linear Equations, Solving Equations",3
789,628,"Maths, Number, Negative Numbers, Multiplying and Dividing Negative Numbers",3
939,629,"Maths, Number, BIDMAS, Basic Arithmetic",4
900,630,"Maths, Algebra, Co-ordinates, Naming Co-ordinates in 2D",1
273,631,"Maths, Geometry and Measure, Rotation, Transformations",2
194,632,"Maths, Geometry and Measure, Construction, Loci and Scale Drawing, Construct Triangle",2
17,633,"Maths, Geometry and Measure, Reflection, Transformations",4
621,634,"Maths, Number, Fractions, Dividing Fractions",3
61,635,"Maths, Number, Decimals, Multiplying and Dividing with Decimals",4
198,636,"Maths, Number, Basic Arithmetic, Mental Multiplication and Division",3
718,637,"Maths, Geometry and Measure, Enlargement, Transformations",4
749,638,"Maths, Number, BIDMAS, Basic Arithmetic",1
866,639,"Maths, Geometry and Measure, Angles, Angles in Triangles",1
863,640,"Maths, Geometry and Measure, Types, Naming and Estimating, Angles",1
324,641,"Maths, Geometry and Measure, Translation and Vectors, Transformations",4
74,642,"Maths, Geometry and Measure, Area of Simple Shapes, Perimeter and Area",1
205,643,"Maths, Geometry and Measure, Translation and Vectors, Transformations",4
540,644,"Maths, Geometry and Measure, Perimeter, Perimeter and Area",1
69,645,"Maths, Number, BIDMAS, Basic Arithmetic",2
150,646,"Maths, Algebra, Writing and Simplifying Expressions, Simplifying Expressions by Collecting Like Terms",3
227,647,"Maths, Geometry and Measure, Symmetry, Line Symmetry",4
575,648,"Maths, Geometry and Measure, Rotation, Transformations",4
770,649,"Maths, Geometry and Measure, Angles, Angles in Polygons",1
331,650,"Maths, Geometry and Measure, Perimeter, Perimeter and Area",2
455,651,"Maths, Geometry and Measure, Rotation, Transformations",2
713,652,"Maths, Geometry and Measure, Length Scale Factors in Similar Shapes, Similarity and Congruency",2
850,653,"Maths, Algebra, Substitution into Formula, Formula",2
541,654,"Maths, Geometry and Measure, Similarity and Congruency, Length, Area and Volume Scale Factors",2
848,655,"Maths, Geometry and Measure, Area of Simple Shapes, Perimeter and Area",4
544,656,"Maths, Number, Fractions, Adding and Subtracting Fractions",1
192,657,"Maths, Number, Fractions, Multiplying Fractions",4
670,658,"Maths, Algebra, Writing and Simplifying Expressions, Simplifying Expressions by Collecting Like Terms",3
94,659,"Maths, Geometry and Measure, Construction, Loci and Scale Drawing, Construct Triangle",1
425,660,"Maths, Number, Fractions, Multiplying Fractions",4
545,661,"Maths, Algebra, Writing and Simplifying Expressions, Writing Expressions",2
204,662,"Maths, Algebra, Co-ordinates, Naming Co-ordinates in 2D",2
588,663,"Maths, Number, Negative Numbers, Adding and Subtracting Negative Numbers",4
662,664,"Maths, Geometry and Measure, Circles, Parts of a Circle",1
904,665,"Maths, Number, Negative Numbers, Multiplying and Dividing Negative Numbers",1
716,666,"Maths, Algebra, Sequences, Linear Sequences (nth term)",1
89,667,"Maths, Geometry and Measure, Types, Naming and Estimating, Angles",4
717,668,"Maths, Algebra, Writing and Simplifying Expressions, Simplifying Expressions by Collecting Like Terms",2
594,669,"Maths, Number, Basic Arithmetic, Place Value",2
688,670,"Maths, Number, Factors, Multiples and Primes, Multiples and Lowest Common Multiple",3
10,671,"Maths, Algebra, Straight Line Graphs, Horizontal and Vertical Lines",1
482,672,"Maths, Number, Factors, Multiples and Primes, Multiples and Lowest Common Multiple",3
906,673,"Maths, Algebra, Straight Line Graphs, Horizontal and Vertical Lines",3
489,674,"Maths, Algebra, Co-ordinates, Midpoint Between Two Co-ordinates",2
124,675,"Maths, Algebra, Sequences, Linear Sequences (nth term)",2
282,676,"Maths, Number, Negative Numbers, Multiplying and Dividing Negative Numbers",2
555,677,"Maths, Algebra, Linear Equations, Solving Equations",2
163,678,"Maths, Number, Factors, Multiples and Primes, Factors and Highest Common Factor",4
323,679,"Maths, Geometry and Measure, Circles, Parts of a Circle",3
301,680,"Maths, Geometry and Measure, Area of Simple Shapes, Perimeter and Area",1
508,681,"Maths, Geometry and Measure, Symmetry, Line Symmetry",3
740,682,"Maths, Algebra, Substitution into Formula, Formula",1
756,683,"Maths, Geometry and Measure, Length Scale Factors in Similar Shapes, Similarity and Congruency",1
476,684,"Maths, Geometry and Measure, Perimeter, Perimeter and Area",1
77,685,"Maths, Algebra, Sequences, Linear Sequences (nth term)",3
330,686,"Maths, Geometry and Measure, Perimeter and Area, Missing Lengths",1
902,687,"Maths, Algebra, Sequences, Linear Sequences (nth term)",4
515,688,"Maths, Geometry and Measure, Translation and Vectors, Transformations",2
5,689,"Maths, Geometry and Measure, Area of Simple Shapes, Perimeter and Area",4
452,690,"Maths, Number, Basic Arithmetic, Place Value",1
271,691,"Maths, Geometry and Measure, Translation and Vectors, Transformations",3
563,692,"Maths, Number, Negative Numbers, Ordering Negative Numbers",1
9,693,"Maths, Geometry and Measure, Area of Simple Shapes, Perimeter and Area",3
132,694,"Maths, Geometry and Measure, Area of Simple Shapes, Perimeter and Area",3
380,695,"Maths, Geometry and Measure, Construction, Loci and Scale Drawing, Construct Triangle",3
191,696,"Maths, Geometry and Measure, Reflection, Transformations",4
318,697,"Maths, Number, Fractions, Ordering Fractions",2
843,698,"Maths, Number, Fractions, Decimals and Percentage Equivalence, Converting between Fractions and Decimals",4
915,699,"Maths, Number, Negative Numbers, Adding and Subtracting Negative Numbers, Multiplying and Dividing Negative Numbers",1
333,700,"Maths, Number, Factors, Multiples and Primes, Factors and Highest Common Factor",2
470,701,"Maths, Geometry and Measure, Rotation, Transformations",1
241,702,"Maths, Number, Basic Arithmetic, Place Value",4
87,703,"Maths, Geometry and Measure, Units of Measurement, Time",4
280,704,"Maths, Geometry and Measure, Area of Simple Shapes, Perimeter, Perimeter and Area",2
426,705,"Maths, Number, Fractions, Multiplying Fractions",1
726,706,"Maths, Geometry and Measure, Similarity and Congruency, Length, Area and Volume Scale Factors",3
535,707,"Maths, Number, Factors, Multiples and Primes, Multiples and Lowest Common Multiple",1
598,708,"Maths, Number, Factors, Multiples and Primes, Prime Numbers and Prime Factors",3
151,709,"Maths, Geometry and Measure, Reflection, Translation and Vectors, Transformations",2
432,710,"Maths, Geometry and Measure, Area of Simple Shapes, Perimeter and Area",1
924,711,"Maths, Number, Basic Arithmetic, Mental Multiplication and Division",2
532,712,"Maths, Geometry and Measure, Symmetry, Line Symmetry",3
806,713,"Maths, Geometry and Measure, Angles, Angle Facts with Parallel Lines",3
543,714,"Maths, Geometry and Measure, Reflection, Transformations",3
618,715,"Maths, Geometry and Measure, Area of Simple Shapes, Perimeter and Area",2
774,716,"Maths, Number, Fractions, Ordering Fractions",3
910,717,"Maths, Geometry and Measure, Angles, Basic Angle Facts (straight line, opposite, around a point, etc)",2
839,718,"Maths, Number, BIDMAS, Basic Arithmetic",4
744,719,"Maths, Number, Basic Arithmetic, Mental Multiplication and Division",1
747,720,"Maths, Number, Factors, Multiples and Primes, Multiples and Lowest Common Multiple",4
671,721,"Maths, Number, Fractions, Adding and Subtracting Fractions",4
140,722,"Maths, Number, Fractions, Dividing Fractions",2
851,723,"Maths, Number, Factors, Multiples and Primes, Prime Numbers and Prime Factors",3
792,724,"Maths, Geometry and Measure, Angles, Angles in Polygons",3
316,725,"Maths, Geometry and Measure, Reflection, Translation and Vectors, Transformations",1
384,726,"Maths, Algebra, Co-ordinates, Naming Co-ordinates in 2D",4
778,727,"Maths, Geometry and Measure, Perimeter, Perimeter and Area",2
875,728,"Maths, Geometry and Measure, Angles, Angles in Triangles",1
931,729,"Maths, Geometry and Measure, Properties of Quadrilaterals, 2D Names and Properties of Shapes",4
152,730,"Maths, Algebra, Sequences, Linear Sequences (nth term)",3
481,731,"Maths, Number, Decimals, Multiplying and Dividing with Decimals",4
126,732,"Maths, Number, Factors, Multiples and Primes, Prime Numbers and Prime Factors",1
224,733,"Maths, Geometry and Measure, Rotation, Transformations",4
35,734,"Maths, Number, Factors, Multiples and Primes, Factors and Highest Common Factor",2
466,735,"Maths, Geometry and Measure, Types, Naming and Estimating, Angles",4
622,736,"Maths, Geometry and Measure, Translation and Vectors, Transformations",3
782,737,"Maths, Algebra, Sequences, Linear Sequences (nth term)",1
200,738,"Maths, Geometry and Measure, Perimeter, Perimeter and Area",1
607,739,"Maths, Number, Factors, Multiples and Primes, Factors and Highest Common Factor",2
556,740,"Maths, Number, Fractions, Multiplying Fractions",3
784,741,"Maths, Geometry and Measure, Similarity and Congruency, Length, Area and Volume Scale Factors",4
582,742,"Maths, Geometry and Measure, Translation and Vectors, Transformations",2
743,743,"Maths, Number, Factors, Multiples and Primes, Factors and Highest Common Factor, Multiples and Lowest Common Multiple",1
681,744,"Maths, Geometry and Measure, Perimeter and Area, Compound Area",3
378,745,"Maths, Geometry and Measure, Length Scale Factors in Similar Shapes, Similarity and Congruency",1
43,746,"Maths, Number, Factors, Multiples and Primes, Factors and Highest Common Factor",2
320,747,"Maths, Geometry and Measure, Angles, Measuring Angles",2
853,748,"Maths, Geometry and Measure, Area of Simple Shapes, Perimeter, Perimeter and Area",3
107,749,"Maths, Number, Fractions, Multiplying Fractions",2
586,750,"Maths, Geometry and Measure, Construction, Loci and Scale Drawing, Construct Triangle",1
41,751,"Maths, Geometry and Measure, Area of Simple Shapes, Perimeter and Area",3
925,752,"Maths, Number, Fractions, Dividing Fractions",2
442,753,"Maths, Number, Fractions, Multiplying Fractions",1
450,754,"Maths, Number, Fractions, Decimals and Percentage Equivalence, Converting between Fractions and Decimals",4
779,755,"Maths, Geometry and Measure, Angles, Basic Angle Facts (straight line, opposite, around a point, etc)",1
390,756,"Maths, Geometry and Measure, Reflection, Transformations",3
797,757,"Maths, Number, Fractions, Adding and Subtracting Fractions",1
705,758,"Maths, Geometry and Measure, Area of Simple Shapes, Perimeter and Area",1
649,759,"Maths, Number, Fractions, Converting Mixed Number and Improper Fractions",3
430,760,"Maths, Geometry and Measure, Area of Simple Shapes, Perimeter and Area",1
229,761,"Maths, Geometry and Measure, Symmetry, Line Symmetry",1
454,762,"Maths, Number, Factors, Multiples and Primes, Prime Numbers and Prime Factors",1
723,763,"Maths, Geometry and Measure, Area of Simple Shapes, Perimeter and Area",2
590,764,"Maths, Number, Factors, Multiples and Primes, Prime Numbers and Prime Factors",2
418,765,"Maths, Number, Factors, Multiples and Primes, Multiples and Lowest Common Multiple",1
181,766,"Maths, Geometry and Measure, Rotation, Transformations",3
666,767,"Maths, Number, Fractions, Multiplying Fractions",1
861,768,"Maths, Geometry and Measure, Volume and Surface Area, Volume of Prisms",2
377,769,"Maths, Number, Negative Numbers, Adding and Subtracting Negative Numbers",2
220,770,"Maths, Number, Fractions, Decimals and Percentage Equivalence, Converting between Fractions and Decimals",4
23,771,"Maths, Geometry and Measure, Perimeter and Area, Compound Area",3
561,772,"Maths, Geometry and Measure, Translation and Vectors, Transformations",3
944,773,"Maths, Number, Factors, Multiples and Primes, Prime Numbers and Prime Factors",4
857,774,"Maths, Number, Factors, Multiples and Primes, Prime Numbers and Prime Factors",1
141,775,"Maths, Number, Factors, Multiples and Primes, Prime Numbers and Prime Factors",2
720,776,"Maths, Geometry and Measure, Perimeter, Perimeter and Area",4
693,777,"Maths, Number, Fractions, Adding and Subtracting Fractions",2
478,778,"Maths, Geometry and Measure, Volume and Surface Area, Volume of Prisms",1
100,779,"Maths, Number, Factors, Multiples and Primes, Prime Numbers and Prime Factors",1
121,780,"Maths, Number, Fractions, Dividing Fractions",4
918,781,"Maths, Number, Factors, Multiples and Primes, Prime Numbers and Prime Factors",2
102,782,"Maths, Number, Factors, Multiples and Primes, Factors and Highest Common Factor",2
173,783,"Maths, Number, Fractions, Fractions of an Amount",4
479,784,"Maths, Number, Factors, Multiples and Primes, Factors and Highest Common Factor",1
780,785,"Maths, Geometry and Measure, Angles, Angle Facts with Parallel Lines",3
189,786,"Maths, Number, Factors, Multiples and Primes, Prime Numbers and Prime Factors",2
443,787,"Maths, Number, Fractions, Dividing Fractions",3
240,788,"Maths, Number, Fractions, Adding and Subtracting Fractions",2
516,789,"Maths, Number, Indices, Powers and Roots, Squares, Cubes, etc",1
869,790,"Maths, Geometry and Measure, Area of Simple Shapes, Perimeter and Area",2
99,791,"Maths, Number, Fractions, Decimals and Percentage Equivalence, Converting between Fractions and Decimals",2
395,792,"Maths, Number, Factors, Multiples and Primes, Prime Numbers and Prime Factors",1
504,793,"Maths, Number, Fractions, Decimals and Percentage Equivalence, Converting between Fractions and Decimals",4
225,794,"Maths, Number, Factors, Multiples and Primes, Factors and Highest Common Factor",1
692,795,"Maths, Number, Fractions, Dividing Fractions",2
936,796,"Maths, Number, Factors, Multiples and Primes, Factors and Highest Common Factor, Multiples and Lowest Common Multiple",4
245,797,"Maths, Geometry and Measure, Similarity and Congruency, Length, Area and Volume Scale Factors",4
322,798,"Maths, Number, Fractions, Multiplying Fractions",4
356,799,"Maths, Number, Factors, Multiples and Primes, Multiples and Lowest Common Multiple",3
21,800,"Maths, Number, Fractions, Fractions of an Amount",2
447,801,"Maths, Number, Factors, Multiples and Primes, Multiples and Lowest Common Multiple",3
580,802,"Maths, Number, Fractions, Ordering Fractions",3
578,803,"Maths, Number, Factors, Multiples and Primes, Factors and Highest Common Factor",2
96,804,"Maths, Number, Fractions, Converting Mixed Number and Improper Fractions",1
347,805,"Maths, Number, Fractions, Dividing Fractions",2
531,806,"Maths, Number, Fractions, Fractions of an Amount",2
188,807,"Maths, Number, Factors, Multiples and Primes, Prime Numbers and Prime Factors",3
892,808,"Maths, Number, Fractions, Multiplying Fractions",1
512,809,"Maths, Number, Fractions, Fractions of an Amount",1
7,810,"Maths, Number, Factors, Multiples and Primes, Prime Numbers and Prime Factors",2
381,811,"Maths, Number, Fractions, Dividing Fractions",3
765,812,"Maths, Number, Fractions, Decimals and Percentage Equivalence, Converting between Fractions and Decimals",1
42,813,"Maths, Number, Fractions, Dividing Fractions",2
883,814,"Maths, Number, Fractions, Dividing Fractions",2
115,815,"Maths, Number, Fractions, Multiplying Fractions",2
269,816,"Maths, Number, Fractions, Dividing Fractions",1
149,817,"Maths, Number, Fractions, Multiplying Fractions",3
28,818,"Maths, Number, Factors, Multiples and Primes, Factors and Highest Common Factor",1
128,819,"Maths, Number, Fractions, Multiplying Fractions",1
258,820,"Maths, Geometry and Measure, Enlargement, Transformations",2
613,821,"Maths, Number, Indices, Powers and Roots, Squares, Cubes, etc",3
937,822,"Maths, Number, Decimals, Multiplying and Dividing with Decimals",4
223,823,"Maths, Number, Factors, Multiples and Primes, Prime Numbers and Prime Factors",4
886,824,"Maths, Number, Fractions, Dividing Fractions",4
807,825,"Maths, Number, Fractions, Fractions of an Amount",4
763,826,"Maths, Number, Fractions, Multiplying Fractions",3
340,827,"Maths, Number, Fractions, Decimals and Percentage Equivalence, Converting between Fractions and Decimals",2
254,828,"Maths, Number, Factors, Multiples and Primes, Multiples and Lowest Common Multiple",1
408,829,"Maths, Number, Fractions, Adding and Subtracting Fractions",4
98,830,"Maths, Number, Factors, Multiples and Primes, Multiples and Lowest Common Multiple",2
521,831,"Maths, Number, Fractions, Adding and Subtracting Fractions",3
296,832,"Maths, Number, Fractions, Dividing Fractions",2
917,833,"Maths, Geometry and Measure, Reflection, Transformations",2
257,834,"Maths, Number, Basic Arithmetic, Place Value",1
663,835,"Maths, Number, Fractions, Dividing Fractions",2
127,836,"Maths, Number, Fractions, Fractions of an Amount",2
864,837,"Maths, Number, Factors, Multiples and Primes, Factors and Highest Common Factor",3
458,838,"Maths, Number, Indices, Powers and Roots, Squares, Cubes, etc",3
81,839,"Maths, Number, Fractions, Adding and Subtracting Fractions",1
888,840,"Maths, Number, Factors, Multiples and Primes, Factors and Highest Common Factor",3
568,841,"Maths, Number, Fractions, Fractions of an Amount",2
524,842,"Maths, Number, Factors, Multiples and Primes, Prime Numbers and Prime Factors",1
407,843,"Maths, Number, Fractions, Multiplying Fractions",1
60,844,"Maths, Number, Indices, Powers and Roots, Squares, Cubes, etc",3
68,845,"Maths, Number, Indices, Powers and Roots, Squares, Cubes, etc",3
796,846,"Maths, Number, Fractions, Decimals and Percentage Equivalence, Converting between Fractions and Decimals",3
401,847,"Maths, Number, Fractions, Adding and Subtracting Fractions",2
180,848,"Maths, Number, Fractions, Multiplying Fractions",4
899,849,"Maths, Number, Fractions, Fractions of an Amount",4
708,850,"Maths, Number, Factors, Multiples and Primes, Prime Numbers and Prime Factors",2
827,851,"Maths, Geometry and Measure, Reflection, Transformations",2
114,852,"Maths, Number, Fractions, Multiplying Fractions",3
793,853,"Maths, Number, Fractions, Dividing Fractions",2
366,854,"Maths, Number, Factors, Multiples and Primes, Multiples and Lowest Common Multiple",2
131,855,"Maths, Number, Fractions, Adding and Subtracting Fractions",1
632,856,"Maths, Number, Fractions, Fractions of an Amount",3
336,857,"Maths, Number, Fractions, Dividing Fractions",4
739,858,"Maths, Number, Factors, Multiples and Primes, Multiples and Lowest Common Multiple",2
399,859,"Maths, Number, Factors, Multiples and Primes, Multiples and Lowest Common Multiple",2
893,860,"Maths, Number, Fractions, Fractions of an Amount",3
702,861,"Maths, Number, Fractions, Dividing Fractions",4
329,862,"Maths, Number, Fractions, Dividing Fractions",4
73,863,"Maths, Number, Fractions, Dividing Fractions",3
444,864,"Maths, Number, Indices, Powers and Roots, Squares, Cubes, etc",4
633,865,"Maths, Number, Factors, Multiples and Primes, Factors and Highest Common Factor",2
382,866,"Maths, Number, Fractions, Decimals and Percentage Equivalence, Converting between Fractions and Decimals",4
557,867,"Maths, Number, Fractions, Dividing Fractions",3
648,868,"Maths, Number, Fractions, Decimals and Percentage Equivalence, Converting between Fractions and Decimals",3
752,869,"Maths, Number, Decimals, Multiplying and Dividing with Decimals",3
821,870,"Maths, Number, Indices, Powers and Roots, Squares, Cubes, etc",1
558,871,"Maths, Number, Factors, Multiples and Primes, Factors and Highest Common Factor",2
842,872,"Maths, Number, Fractions, Dividing Fractions",4
253,873,"Maths, Number, Fractions, Adding and Subtracting Fractions",2
58,874,"Maths, Number, Fractions, Fractions of an Amount",1
208,875,"Maths, Number, Fractions, Fractions of an Amount",3
698,876,"Maths, Number, Fractions, Dividing Fractions",2
773,877,"Maths, Number, Factors, Multiples and Primes, Multiples and Lowest Common Multiple",3
694,878,"Maths, Number, Factors, Multiples and Primes, Prime Numbers and Prime Factors",3
812,879,"Maths, Number, Fractions, Decimals and Percentage Equivalence, Converting between Fractions and Decimals",4
144,880,"Maths, Number, Fractions, Fractions of an Amount",3
374,881,"Maths, Number, Fractions, Equivalent Fractions",2
179,882,"Maths, Number, Fractions, Multiplying Fractions",2
775,883,"Maths, Number, Fractions, Multiplying Fractions",1
538,884,"Maths, Number, Fractions, Multiplying Fractions",1
854,885,"Maths, Number, Fractions, Dividing Fractions",2
136,886,"Maths, Number, Fractions, Multiplying Fractions",4
940,887,"Maths, Number, Fractions, Dividing Fractions",1
942,888,"Maths, Number, Fractions, Multiplying Fractions",3
728,889,"Maths, Number, Indices, Powers and Roots, Squares, Cubes, etc",2
909,890,"Maths, Number, Fractions, Fractions of an Amount",4
946,891,"Maths, Number, Fractions, Adding and Subtracting Fractions",2
419,892,"Maths, Number, Fractions, Dividing Fractions",2
562,893,"Maths, Number, Fractions, Multiplying Fractions",3
724,894,"Maths, Number, Fractions, Dividing Fractions",3
109,895,"Maths, Number, Fractions, Adding and Subtracting Fractions",1
651,896,"Maths, Number, Fractions, Fractions of an Amount",2
270,897,"Maths, Number, Fractions, Dividing Fractions",4
703,898,"Maths, Number, Fractions, Decimals and Percentage Equivalence, Converting between Fractions and Decimals",4
699,899,"Maths, Number, Fractions, Equivalent Fractions",1
